NumeroOrdem;PN_Generico;Comprimento;Largura;ship_site;whse;builder_type;DataEntrega;Quantidade;LarguraCorte;slit_disposition;LarguraOrdem;IntParaData;
SM51445350;851952;10000;79;DAY;MAIN;C;21/08/2025;24;10;Ship;240; -   ;
SM51445351;851952;10000;79;DAY;MAIN;C;21/08/2025;4;17,5;Stock;70; -   ;
SM51445352;62018;10000;26,5;DAY;MAIN;C;21/08/2025;12;8,625;Ship;103,5; -   ;
SM51445353;62018;10000;6,75;DAY;MAIN;C;21/08/2025;4;4,625;Ship;18,5; -   ;2
SM51445354;88020;10000;79;DAY;MAIN;C;21/08/2025;24;13;Ship;312; -   ;
SM51445355;88020;10000;13;DAY;MAIN;C;21/08/2025;4;13;Ship;52; -   ;
SM51445356;851952;10000;26;DAY;MAIN;C;21/08/2025;8;13;Ship;104; -   ;
SM51445357;851952;10000;17;DAY;MAIN;C;21/08/2025;4;9;Ship;36; -   ;
SM51445358;851952;10000;17;DAY;MAIN;C;21/08/2025;4;7;Ship;28; -   ;
SM51445359;851952;10000;79;DAY;MAIN;C;21/08/2025;24;13;Ship;312; -   ;
SM51445360;851952;10000;79;DAY;MAIN;C;21/08/2025;24;13;Ship;312; -   ;
SM51445361;851952;10000;13;DAY;MAIN;C;21/08/2025;4;13;Ship;52; -   ;
SM51445362;88020;10000;9;DAY;MAIN;C;21/08/2025;4;9;Ship;36; -   ;
SM51445363;88020;10000;11,25;DAY;MAIN;C;21/08/2025;4;11;Ship;44; -   ;
SM51445364;851952;15000;79;DAY;MAIN;C;21/08/2025;12;16,75;Ship;201; -   ;
SM51445365;851952;15000;18;DAY;MAIN;C;21/08/2025;4;16,75;Ship;67; -   ;
SM51445366;851952;15000;17;DAY;MAIN;C;21/08/2025;4;16,75;Ship;67; -   ;
SM51445367;851952;15000;16,75;DAY;MAIN;C;21/08/2025;4;16,75;Ship;67; -   ;
SM51445368;851952;15000;79;DAY;MAIN;C;21/08/2025;8;13,5;Stock;108; -   ;
SM51445369;88020;10000;79;DAY;MAIN;C;21/08/2025;16;16,125;Ship;258; -   ;
SM51445370;88020;10000;79;DAY;MAIN;C;22/08/2025;4;13;Stock;52; 1 ;
SM51445371;62018;15000;12,75;DAY;MAIN;C;22/08/2025;4;12,75;Ship;51; 1 ;
SM51445372;62018;15000;79;DAY;MAIN;C;22/08/2025;24;12,75;Ship;306; 1 ;
SM51445373;62018;15000;79;DAY;MAIN;C;22/08/2025;24;12,75;Ship;306; 1 ;
SM51445374;62018;15000;79;DAY;MAIN;C;22/08/2025;24;12,75;Ship;306; 1 ;
SM51445375;62018;15000;40;DAY;MAIN;C;22/08/2025;12;12,75;Ship;153; 1 ;
SM51445376;62018;15000;79;DAY;MAIN;C;22/08/2025;16;17;Ship;272; 1 ;
SM51445377;62018;15000;17;DAY;MAIN;C;22/08/2025;4;17;Ship;68; 1 ;
SM51445378;62018;15000;79;DAY;MAIN;C;22/08/2025;4;10;Stock;40; 1 ;
SM51445379;62018;10000;35;DAY;MAIN;C;22/08/2025;8;16,25;Ship;130; 1 ;
SM51445380;62018;10000;79;DAY;MAIN;C;22/08/2025;4;13;Stock;52; 1 ;
SM51445381;62018;10000;17;DAY;MAIN;C;22/08/2025;4;16,25;Ship;65; 1 ;
SM51445382;62018;10000;79;DAY;MAIN;C;22/08/2025;16;16,25;Ship;260; 1 ;
SM51445383;62018;10000;79;DAY;MAIN;C;22/08/2025;4;17;Stock;68; 1 ;
SM51445384;62018;10000;21;DAY;MAIN;C;22/08/2025;4;11,21;Ship;44,84; 1 ;
SM51445385;62018;10000;21;DAY;MAIN;C;22/08/2025;4;8,625;Ship;34,5; 1 ;
SM51445386;62018;10000;79;DAY;MAIN;C;22/08/2025;12;11,25;Ship;135; 1 ;
SM51445387;62018;10000;79;DAY;MAIN;C;22/08/2025;12;8,625;Ship;103,5; 1 ;
SM51445388;62018;10000;10;DAY;MAIN;C;22/08/2025;8;4,5;Ship;36; 1 ;
SM51445389;62018;10000;79;DAY;MAIN;C;22/08/2025;4;16;Stock;64; 1 ;
SM51445390;62018;10000;79;DAY;MAIN;C;23/08/2025;28;9;Ship;252; 2 ;
SM51445391;62018;10000;10;DAY;MAIN;C;23/08/2025;4;9;Ship;36; 2 ;
SM51445392;88020;10000;13;DAY;MAIN;C;23/08/2025;4;9;Ship;36; 2 ;
SM51445393;88020;10000;11,25;DAY;MAIN;C;23/08/2025;4;9;Ship;36; 2 ;
SM51445394;88516;10000;52,5;DAY;MAIN;C;23/08/2025;20;6,75;Ship;135; 2 ;
SM51445395;88516;10000;52,5;DAY;MAIN;C;23/08/2025;8;9;Ship;72; 2 ;
SM51445396;88516;10000;52,5;DAY;MAIN;C;23/08/2025;4;13;Ship;52; 2 ;
SM51445397;88516;10000;52,5;DAY;MAIN;C;23/08/2025;8;9,125;Ship;73; 2 ;
SM51445398;88516;10000;52,5;DAY;MAIN;C;23/08/2025;4;16;Ship;64; 2 ;
SM51445399;88516;10000;52,5;DAY;MAIN;C;23/08/2025;4;5;Ship;20; 2 ;
SM51445400;88020;10000;15,25;DAY;MAIN;C;23/08/2025;8;6,75;Ship;54; 2 ;
SM51445401;88020;10000;79;DAY;MAIN;C;23/08/2025;36;6,75;Ship;243; 2 ;
SM51445402;88020;10000;79;DAY;MAIN;C;23/08/2025;4;17;Stock;68; 2 ;
SM51445403;62018;15000;79;DAY;MAIN;C;23/08/2025;24;12,75;Ship;306; 2 ;
SM51445404;62018;10000;13;DAY;MAIN;C;23/08/2025;4;13;Ship;52; 2 ;
SM51445405;88512;10000;7;DAY;MAIN;C;23/08/2025;4;6;Ship;24; 2 ;
SM51445406;88512;10000;52,5;DAY;MAIN;C;23/08/2025;28;6;Ship;168; 2 ;
SM51445407;88512;10000;52,5;DAY;MAIN;C;23/08/2025;4;10;Stock;40; 2 ;
SM51445408;62018;10000;79;DAY;MAIN;C;23/08/2025;24;13;Ship;312; 2 ;
SM51445409;88512;10000;52,5;DAY;MAIN;C;23/08/2025;12;13,25;Ship;159; 2 ;
SM51445410;88512;10000;52,5;DAY;MAIN;C;24/08/2025;4;11,25;Stock;45; 3 ;
SM51445411;88512;10000;17;DAY;MAIN;C;24/08/2025;4;13,25;Ship;53; 3 ;
SM51445412;851952;10000;79;DAY;MAIN;C;24/08/2025;4;13;Stock;52; 3 ;
SM51445413;851952;10000;79;DAY;MAIN;C;24/08/2025;20;9;Ship;180; 3 ;
SM51445414;851952;10000;79;DAY;MAIN;C;24/08/2025;4;21;Stock;84; 3 ;
SM51445415;88020;10000;79;DAY;MAIN;C;24/08/2025;20;15;Ship;300; 3 ;
SM51445416;88020;10000;79;DAY;MAIN;C;24/08/2025;32;6,5;Ship;208; 3 ;
SM51445417;88020;10000;79;DAY;MAIN;C;24/08/2025;4;26,5;Stock;106; 3 ;
SM51445418;88020;10000;26,5;DAY;MAIN;C;24/08/2025;8;6,5;Ship;52; 3 ;
SM51445419;88020;10000;26,5;DAY;MAIN;C;24/08/2025;4;13;Stock;52; 3 ;
SM51445420;88020;10000;17;DAY;MAIN;C;24/08/2025;4;7;Ship;28; 3 ;
SM51445421;88020;10000;17;DAY;MAIN;C;24/08/2025;4;9;Ship;36; 3 ;
SM51445422;88020;10000;17;DAY;MAIN;C;24/08/2025;4;15;Ship;60; 3 ;
SM51445423;88020;10000;79;DAY;MAIN;C;24/08/2025;4;10;Ship;40; 3 ;
SM51445424;88020;10000;79;DAY;MAIN;C;24/08/2025;32;8,5;Ship;272; 3 ;
SM51445425;88020;10000;11,25;DAY;MAIN;C;24/08/2025;4;10;Ship;40; 3 ;
SM51445426;88020;10000;9;DAY;MAIN;C;24/08/2025;4;8,5;Ship;34; 3 ;
SM51445427;88020;10000;8,5;DAY;MAIN;C;24/08/2025;4;8,5;Ship;34; 3 ;
SM51445428;88020;10000;17;DAY;MAIN;C;24/08/2025;4;16,125;Ship;64,5; 3 ;
SM51445429;88020;10000;79;DAY;MAIN;C;24/08/2025;28;7;Ship;196; 3 ;
SM51445430;88020;10000;79;DAY;MAIN;C;25/08/2025;4;13;Stock;52; 4 ;
SM51445431;88020;10000;79;DAY;MAIN;C;25/08/2025;4;17;Stock;68; 4 ;
SM51445432;88020;10000;79;DAY;MAIN;C;25/08/2025;32;7;Ship;224; 4 ;
SM51445433;88020;10000;79;DAY;MAIN;C;25/08/2025;4;21;Stock;84; 4 ;
SM51445434;88020;10000;79;DAY;MAIN;C;25/08/2025;32;9;Ship;288; 4 ;
SM51445435;88020;10000;79;DAY;MAIN;C;25/08/2025;4;7;Ship;28; 4 ;
SM51445436;62018;15000;79;DAY;MAIN;C;25/08/2025;16;16,25;Ship;260; 4 ;
SM51445437;62018;15000;79;DAY;MAIN;C;25/08/2025;4;13;Stock;52; 4 ;
SM51445438;62018;15000;17;DAY;MAIN;C;25/08/2025;4;16,25;Ship;65; 4 ;
SM51445439;851952;10000;26,5;DAY;MAIN;C;25/08/2025;8;13;Ship;104; 4 ;
SM51445440;851952;10000;79;DAY;MAIN;C;25/08/2025;24;13;Ship;312; 4 ;
SM51445441;851952;10000;13;DAY;MAIN;C;25/08/2025;4;13;Ship;52; 4 ;
SM51445442;62018;10000;14,25;DAY;MAIN;C;25/08/2025;4;13,25;Ship;53; 4 ;
SM51445443;62018;10000;79;DAY;MAIN;C;25/08/2025;8;13;Stock;104; 4 ;
SM51445444;62018;10000;79;DAY;MAIN;C;25/08/2025;16;13,25;Ship;212; 4 ;
SM51445445;88020;10000;79;DAY;MAIN;C;25/08/2025;36;8,625;Ship;310,5; 4 ;
SM51445446;88020;10000;11,25;DAY;MAIN;C;25/08/2025;4;8,625;Ship;34,5; 4 ;
SM51445447;88020;10000;26,5;DAY;MAIN;C;25/08/2025;12;8,625;Ship;103,5; 4 ;
SM51445448;88020;10000;9;DAY;MAIN;C;25/08/2025;4;8,625;Ship;34,5; 4 ;
SM51445449;551952;15000;79;DAY;MAIN;C;25/08/2025;12;17;Ship;204; 4 ;
SM51445450;551952;15000;79;DAY;MAIN;C;26/08/2025;8;13;Stock;104; 5 ;
SM51445451;62018;15000;79;DAY;MAIN;C;26/08/2025;24;12,75;Ship;306; 5 ;
SM51445452;88020;10000;79;DAY;MAIN;C;26/08/2025;20;9;Ship;180; 5 ;
SM51445453;88020;10000;79;DAY;MAIN;C;26/08/2025;4;21;Stock;84; 5 ;
SM51445454;88020;10000;79;DAY;MAIN;C;26/08/2025;4;13;Stock;52; 5 ;
SM51445455;88020;15000;79;DAY;MAIN;C;26/08/2025;24;10;Ship;240; 5 ;
SM51445456;88020;15000;79;DAY;MAIN;C;26/08/2025;4;17;Stock;68; 5 ;
SM51445457;62018;10000;79;DAY;MAIN;C;26/08/2025;24;13;Ship;312; 5 ;
SM51445458;62018;10000;13;DAY;MAIN;C;26/08/2025;4;13;Ship;52; 5 ;
SM51445459;851952;10000;79;DAY;MAIN;C;26/08/2025;4;21;Stock;84; 5 ;
SM51445460;851952;10000;79;DAY;MAIN;C;26/08/2025;16;10;Ship;160; 5 ;
SM51445461;851952;10000;79;DAY;MAIN;C;26/08/2025;4;17,5;Stock;70; 5 ;
SM51445462;62018;10000;79;DAY;MAIN;C;26/08/2025;24;12,75;Ship;306; 5 ;
SM51445463;62018;10000;13;DAY;MAIN;C;26/08/2025;4;12,75;Ship;51; 5 ;
SM51445464;88020;10000;79;DAY;MAIN;C;26/08/2025;16;10;Ship;160; 5 ;
SM51445465;88020;10000;79;DAY;MAIN;C;26/08/2025;4;21;Stock;84; 5 ;
SM51445466;88020;10000;79;DAY;MAIN;C;26/08/2025;4;17;Stock;68; 5 ;
SM51445467;88020;10000;79;DAY;MAIN;C;26/08/2025;4;17;Stock;68; 5 ;
SM51445468;88020;10000;79;DAY;MAIN;C;26/08/2025;24;10;Ship;240; 5 ;
SM51445469;88020;10000;79;DAY;MAIN;C;26/08/2025;8;9;Ship;72; 5 ;
SM51445470;88020;10000;21;DAY;MAIN;C;27/08/2025;8;9;Ship;72; 6 ;
SM51445471;88020;10000;79;DAY;MAIN;C;27/08/2025;28;6,625;Ship;185,5; 6 ;
SM51445472;88020;10000;79;DAY;MAIN;C;27/08/2025;4;13;Stock;52; 6 ;
SM51445473;62018;10000;13;DAY;MAIN;C;27/08/2025;4;13;Ship;52; 6 ;
SM51445474;62018;10000;10;DAY;MAIN;C;27/08/2025;4;9;Ship;36; 6 ;
SM51445475;62018;15000;16;DAY;MAIN;C;27/08/2025;4;15,75;Ship;63; 6 ;
SM51445476;62018;15000;79;DAY;MAIN;C;27/08/2025;20;15,75;Ship;315; 6 ;
SM51445477;62018;15000;17;DAY;MAIN;C;27/08/2025;4;15,75;Ship;63; 6 ;
SM51445478;88020;10000;26,5;DAY;MAIN;C;27/08/2025;8;12,875;Ship;103; 6 ;
SM51445479;88020;10000;79;DAY;MAIN;C;27/08/2025;16;11,25;Ship;180; 6 ;
SM51445480;88020;10000;79;DAY;MAIN;C;27/08/2025;8;12,375;Ship;99; 6 ;
SM51445481;88020;10000;79;DAY;MAIN;C;27/08/2025;4;8,875;Ship;35,5; 6 ;
SM51445482;88020;10000;21;DAY;MAIN;C;27/08/2025;8;8,875;Ship;71; 6 ;
SM51445483;62018;10000;10;DAY;MAIN;C;27/08/2025;8;4,5;Ship;36; 6 ;
SM51445484;88020;10000;79;DAY;MAIN;C;27/08/2025;28;8,5;Ship;238; 6 ;
SM51445485;88020;10000;79;DAY;MAIN;C;27/08/2025;4;17;Stock;68; 6 ;
SM51445486;88020;10000;26,5;DAY;MAIN;C;27/08/2025;12;8,5;Ship;102; 6 ;
SM51445487;88020;10000;79;DAY;MAIN;C;27/08/2025;32;7,25;Ship;232; 6 ;
SM51445488;88020;10000;15;DAY;MAIN;C;27/08/2025;8;7,25;Ship;58; 6 ;
SM51445489;88020;10000;79;DAY;MAIN;C;27/08/2025;4;21;Stock;84; 6 ;
SM51445490;88020;10000;6,75;DAY;MAIN;C;28/08/2025;4;6,75;Ship;27; 7 ;
SM51445491;88020;10000;79;DAY;MAIN;C;28/08/2025;4;17;Stock;68; 7 ;
SM51445492;88020;10000;79;DAY;MAIN;C;28/08/2025;36;6,75;Ship;243; 7 ;
SM51445493;88020;10000;79;DAY;MAIN;C;28/08/2025;24;6,5;Ship;156; 7 ;
SM51445494;88020;10000;79;DAY;MAIN;C;28/08/2025;4;17;Stock;68; 7 ;
SM51445495;88020;10000;79;DAY;MAIN;C;28/08/2025;4;21;Stock;84; 7 ;
SM51445496;88020;10000;79;DAY;MAIN;C;28/08/2025;36;6,5;Ship;234; 7 ;
SM51445497;88020;10000;79;DAY;MAIN;C;28/08/2025;4;17;Stock;68; 7 ;
SM51445498;851952;10000;26;DAY;MAIN;C;28/08/2025;8;13;Ship;104; 7 ;
SM51445499;851952;10000;26;DAY;MAIN;C;28/08/2025;4;7;Ship;28; 7 ;
SM51445500;851952;10000;26;DAY;MAIN;C;28/08/2025;8;9;Ship;72; 7 ;
SM51445501;62018;15000;79;DAY;MAIN;C;28/08/2025;16;19;Ship;304; 7 ;
SM51445502;62018;15000;79;DAY;MAIN;C;28/08/2025;16;19;Ship;304; 7 ;
SM51445503;551952;10000;79;DAY;MAIN;C;28/08/2025;8;13;Stock;104; 7 ;
SM51445504;551952;10000;79;DAY;MAIN;C;28/08/2025;12;17,25;Ship;207; 7 ;
SM51445505;851952;15000;17;DAY;MAIN;C;28/08/2025;4;17;Ship;68; 7 ;
SM51445506;551952;15000;79;DAY;MAIN;C;28/08/2025;16;11,5;Ship;184; 7 ;
SM51445507;551952;15000;79;DAY;MAIN;C;28/08/2025;4;13;Stock;52; 7 ;
SM51445508;551952;15000;79;DAY;MAIN;C;28/08/2025;4;17;Stock;68; 7 ;
SM51445509;851952;15000;17;DAY;MAIN;C;28/08/2025;4;17;Ship;68; 7 ;
SM51445510;62018;10000;9;DAY;MAIN;C;29/08/2025;4;9;Ship;36; 8 ;
SM51445511;62018;10000;10;DAY;MAIN;C;29/08/2025;4;9;Ship;36; 8 ;
SM51445512;62018;10000;18,625;DAY;MAIN;C;29/08/2025;8;8,75;Ship;70; 8 ;
SM51445513;62018;15000;79;DAY;MAIN;C;29/08/2025;20;12,75;Ship;255; 8 ;
SM51445514;62018;15000;79;DAY;MAIN;C;29/08/2025;4;13;Stock;52; 8 ;
SM51445515;88020;10000;79;DAY;MAIN;C;29/08/2025;4;52;Ship;208; 8 ;
SM51445516;88020;10000;79;DAY;MAIN;C;29/08/2025;4;26,5;Stock;106; 8 ;
SM51445517;62018;10000;79;DAY;MAIN;C;29/08/2025;4;60;Ship;240; 8 ;
SM51445518;62018;10000;79;DAY;MAIN;C;29/08/2025;4;17;Stock;68; 8 ;
SM51445519;88020;10000;15;DAY;MAIN;C;29/08/2025;4;13,5;Ship;54; 8 ;
SM51445520;851952;15000;13;DAY;PRLB;C;29/08/2025;4;13;Ship;52; 8 ;
SM51445521;871952;10000;13;DAY;PRLB;C;29/08/2025;4;13;Ship;52; 8 ;
SM51445522;62018;15000;79;DAY;MAIN;C;29/08/2025;12;16,875;Ship;202,5; 8 ;
SM51445523;62018;15000;17;DAY;MAIN;C;29/08/2025;4;16,875;Ship;67,5; 8 ;
SM51445524;62018;15000;79;DAY;MAIN;C;29/08/2025;4;26,5;Stock;106; 8 ;
SM51445525;62018;15000;79;DAY;MAIN;C;29/08/2025;12;18,625;Ship;223,5; 8 ;
SM51445526;62018;15000;79;DAY;MAIN;C;29/08/2025;4;21;Stock;84; 8 ;
SM51445527;851952;10000;79;DAY;MAIN;C;29/08/2025;12;9,75;Ship;117; 8 ;
SM51445528;851952;10000;79;DAY;MAIN;C;29/08/2025;12;10,25;Ship;123; 8 ;
SM51445529;851952;10000;79;DAY;MAIN;C;29/08/2025;4;17,5;Stock;70; 8 ;
SM51445530;851952;10000;26,5;DAY;MAIN;C;30/08/2025;20;5,25;Ship;105; 9 ;
SM51445531;851952;10000;13,5;DAY;MAIN;C;30/08/2025;4;9,75;Ship;39; 9 ;
SM51445532;851952;10000;13,5;DAY;MAIN;C;30/08/2025;4;10,25;Ship;41; 9 ;
SM51445533;62018;15000;13;DAY;MAIN;C;30/08/2025;4;13;Ship;52; 9 ;
SM51445534;62018;10000;10;DAY;MAIN;C;30/08/2025;4;10;Ship;40; 9 ;
SM51445535;62018;10000;79;DAY;MAIN;C;30/08/2025;28;8,5625;Ship;239,75; 9 ;
SM51445536;62018;10000;79;DAY;MAIN;C;30/08/2025;4;17;Stock;68; 9 ;
SM51445537;88959;10000;79;DAY;MAIN;C;30/08/2025;24;13;Ship;312; 9 ;
SM51445538;88020;10000;13;DAY;MAIN;C;30/08/2025;8;6;Ship;48; 9 ;
SM51445539;88020;10000;79;DAY;MAIN;C;30/08/2025;32;6;Ship;192; 9 ;
SM51445540;88020;10000;79;DAY;MAIN;C;30/08/2025;4;13;Stock;52; 9 ;
SM51445541;88020;10000;79;DAY;MAIN;C;30/08/2025;4;17;Stock;68; 9 ;
SM51445542;551952;15000;79;DAY;MAIN;C;30/08/2025;16;13;Stock;208; 9 ;
SM51445543;551952;15000;79;DAY;MAIN;C;30/08/2025;24;13;Ship;312; 9 ;
SM51445544;551952;15000;79;DAY;MAIN;C;30/08/2025;8;13;Ship;104; 9 ;
SM51445545;62018;15000;79;DAY;MAIN;C;30/08/2025;16;19;Ship;304; 9 ;
SM51445546;62018;15000;79;DAY;MAIN;C;30/08/2025;4;21;Stock;84; 9 ;
SM51445547;62018;15000;79;DAY;MAIN;C;30/08/2025;8;19;Ship;152; 9 ;
SM51445548;62018;15000;79;DAY;MAIN;C;30/08/2025;4;17;Stock;68; 9 ;
SM51445549;62018;10000;10;DAY;MAIN;C;30/08/2025;4;9,75;Ship;39; 9 ;
SM51445550;62018;15000;79;DAY;MAIN;C;31/08/2025;4;21;Stock;84; 10 ;
SM51445551;62018;15000;79;DAY;MAIN;C;31/08/2025;8;19;Ship;152; 10 ;
SM51445552;62018;15000;79;DAY;MAIN;C;31/08/2025;4;17;Stock;68; 10 ;
SM51445553;62018;15000;79;DAY;MAIN;C;31/08/2025;16;19;Ship;304; 10 ;
SM51445554;851952;10000;79;DAY;MAIN;C;31/08/2025;24;13;Ship;312; 10 ;
SM51445555;551952;10000;79;DAY;MAIN;C;31/08/2025;16;8,75;Ship;140; 10 ;
SM51445556;551952;10000;79;DAY;MAIN;C;31/08/2025;8;21;Stock;168; 10 ;
SM51445557;88020;10000;21;DAY;MAIN;C;31/08/2025;8;10;Ship;80; 10 ;
SM51445558;88020;10000;79;DAY;MAIN;C;31/08/2025;4;17;Stock;68; 10 ;
SM51445559;88020;10000;79;DAY;MAIN;C;31/08/2025;24;10;Ship;240; 10 ;
SM51445560;88020;10000;79;DAY;MAIN;C;31/08/2025;16;13;Ship;208; 10 ;
SM51445561;88020;10000;79;DAY;MAIN;C;31/08/2025;8;6,75;Ship;54; 10 ;
SM51445562;88020;10000;79;DAY;MAIN;C;31/08/2025;4;13;Stock;52; 10 ;
SM51445563;88020;10000;79;DAY;MAIN;C;31/08/2025;24;13;Ship;312; 10 ;
SM51445564;62018;10000;10;DAY;MAIN;C;31/08/2025;4;10;Ship;40; 10 ;
SM51445565;62018;10000;10;DAY;MAIN;C;31/08/2025;4;10;Ship;40; 10 ;
SM51445566;851952;10000;13,5;DAY;MAIN;C;31/08/2025;4;12,75;Ship;51; 10 ;
SM51445567;851952;10000;26,5;DAY;MAIN;C;31/08/2025;8;12,75;Ship;102; 10 ;
SM51445568;88020;10000;17;DAY;MAIN;C;31/08/2025;4;13;Ship;52; 10 ;
SM51445569;88020;10000;79;DAY;MAIN;C;31/08/2025;16;9,875;Ship;158; 10 ;
SM51445570;88020;10000;79;DAY;MAIN;C;01/09/2025;20;7,25;Ship;145; 11 ;
SM51445571;78139;10000;60;DAY;MAIN;C;01/09/2025;24;6,5;Ship;156; 11 ;
SM51445572;78139;10000;60;DAY;MAIN;C;01/09/2025;4;10;Stock;40; 11 ;
SM51445573;78139;10000;60;DAY;MAIN;C;01/09/2025;16;7,75;Ship;124; 11 ;
SM51445574;78139;10000;13;DAY;MAIN;C;01/09/2025;8;5,5;Ship;44; 11 ;
SM51445575;78139;10000;60;DAY;MAIN;C;01/09/2025;24;5;Ship;120; 11 ;
SM51445576;78139;10000;60;DAY;MAIN;C;01/09/2025;8;5,5;Ship;44; 11 ;
SM51445577;78139;10000;60;DAY;MAIN;C;01/09/2025;16;7,5;Ship;120; 11 ;
SM51445578;78139;10000;13;DAY;MAIN;C;01/09/2025;12;4;Ship;48; 11 ;
SM51445579;78139;10000;60;DAY;MAIN;C;01/09/2025;24;4,5;Ship;108; 11 ;
SM51445580;62018;10000;13;DAY;MAIN;C;01/09/2025;4;13;Ship;52; 11 ;
SM51445581;88020;10000;79;DAY;MAIN;C;01/09/2025;12;14;Ship;168; 11 ;
SM51445582;88020;10000;79;DAY;MAIN;C;01/09/2025;4;21;Stock;84; 11 ;
SM51445583;88020;10000;79;DAY;MAIN;C;01/09/2025;4;15;Ship;60; 11 ;
SM51445584;88020;10000;17;DAY;MAIN;C;01/09/2025;4;15;Ship;60; 11 ;
SM51445585;88020;10000;79;DAY;MAIN;C;01/09/2025;4;26,5;Stock;106; 11 ;
SM51445586;88020;10000;79;DAY;MAIN;C;01/09/2025;20;10;Ship;200; 11 ;
SM51445587;88020;10000;21;DAY;MAIN;C;01/09/2025;8;10;Ship;80; 11 ;
SM51445588;88020;10000;21;DAY;MAIN;C;01/09/2025;4;8,5;Ship;34; 11 ;
SM51445589;88020;10000;21;DAY;MAIN;C;01/09/2025;8;5,75;Ship;46; 11 ;
SM51445590;88959;10000;79;DAY;MAIN;C;02/09/2025;4;13;Stock;52; 12 ;
SM51445591;88959;10000;79;DAY;MAIN;C;02/09/2025;4;59;Stock;236; 12 ;
SM51445592;88959;10000;79;DAY;MAIN;C;02/09/2025;4;7;Ship;28; 12 ;
SM51445593;62018;10000;10;DAY;MAIN;C;02/09/2025;8;4,75;Ship;38; 12 ;
SM51445594;88020;15000;79;DAY;MAIN;C;02/09/2025;8;12;Ship;96; 12 ;
SM51445595;88020;10000;79;DAY;MAIN;C;02/09/2025;8;6;Ship;48; 12 ;
SM51445596;88020;10000;79;DAY;MAIN;C;02/09/2025;4;10;Stock;40; 12 ;
SM51445597;88020;10000;26,5;DAY;MAIN;C;02/09/2025;24;4;Ship;96; 12 ;
SM51445598;88020;10000;79;DAY;MAIN;C;02/09/2025;20;11,25;Ship;225; 12 ;
SM51445599;88020;15000;79;DAY;MAIN;C;02/09/2025;8;12;Ship;96; 12 ;
SM51445600;88020;15000;79;DAY;MAIN;C;02/09/2025;16;10,125;Ship;162; 12 ;
SM51445601;88020;15000;79;DAY;MAIN;C;02/09/2025;4;13;Stock;52; 12 ;
SM51445602;88020;15000;79;DAY;MAIN;C;02/09/2025;16;9;Ship;144; 12 ;
SM51445603;88020;15000;79;DAY;MAIN;C;02/09/2025;12;10,125;Ship;121,5; 12 ;
SM51445604;88020;15000;79;DAY;MAIN;C;02/09/2025;4;12;Ship;48; 12 ;
SM51445605;88020;15000;79;DAY;MAIN;C;02/09/2025;20;13,5;Ship;270; 12 ;
SM51445606;88020;15000;79;DAY;MAIN;C;02/09/2025;4;10,125;Ship;40,5; 12 ;
SM51445607;88020;10000;79;DAY;MAIN;C;02/09/2025;12;11,25;Ship;135; 12 ;
SM51445608;88020;10000;17;DAY;MAIN;C;02/09/2025;12;5;Ship;60; 12 ;
SM51445609;88020;10000;79;DAY;MAIN;C;02/09/2025;24;7,125;Ship;171; 12 ;
SM51445610;88020;10000;13;DAY;MAIN;C;03/09/2025;8;6;Ship;48; 13 ;
SM51445611;88020;15000;79;DAY;MAIN;C;03/09/2025;24;9;Ship;216; 13 ;
SM51445612;88020;15000;79;DAY;MAIN;C;03/09/2025;24;12,75;Ship;306; 13 ;
SM51445613;88020;15000;79;DAY;MAIN;C;03/09/2025;12;13,5;Ship;162; 13 ;
SM51445614;88020;15000;79;DAY;MAIN;C;03/09/2025;12;12;Ship;144; 13 ;
SM51445615;88020;15000;79;DAY;MAIN;C;03/09/2025;20;10,125;Ship;202,5; 13 ;
SM51445616;88020;15000;79;DAY;MAIN;C;03/09/2025;4;26,5;Stock;106; 13 ;
SM51445617;62018;10000;10;DAY;MAIN;C;03/09/2025;4;9;Ship;36; 13 ;
SM51445618;62018;10000;79;DAY;MAIN;C;03/09/2025;20;7,875;Ship;157,5; 13 ;
SM51445619;62018;10000;79;DAY;MAIN;C;03/09/2025;16;4,625;Ship;74; 13 ;
SM51445620;62018;10000;79;DAY;MAIN;C;03/09/2025;4;21;Stock;84; 13 ;
SM51445621;88020;10000;79;DAY;MAIN;C;03/09/2025;4;17;Stock;68; 13 ;
SM51445622;88020;10000;79;DAY;MAIN;C;03/09/2025;4;60;Ship;240; 13 ;
SM51445623;62018;10000;16;DAY;MAIN;C;03/09/2025;12;4,75;Ship;57; 13 ;
SM51445624;62018;10000;7,875;DAY;MAIN;C;03/09/2025;4;6,5;Ship;26; 13 ;
SM51445625;88959;10000;13;DAY;MAIN;C;03/09/2025;4;7;Ship;28; 13 ;
SM51445626;88959;10000;7;DAY;MAIN;C;03/09/2025;4;7;Ship;28; 13 ;
SM51445627;88516;10000;52,5;DAY;MAIN;C;03/09/2025;28;7,5;Ship;210; 13 ;
SM51445628;62018;10000;79;DAY;MAIN;C;03/09/2025;16;13;Ship;208; 13 ;
SM51445629;62018;10000;79;DAY;MAIN;C;03/09/2025;4;26,5;Stock;106; 13 ;
SM51445630;62018;10000;79;DAY;MAIN;C;04/09/2025;24;10,75;Ship;258; 14 ;
SM51445631;62018;10000;79;DAY;MAIN;C;04/09/2025;4;13;Stock;52; 14 ;
SM51445632;851952;10000;13,5;DAY;MAIN;C;04/09/2025;4;12,75;Ship;51; 14 ;
SM51445633;62018;10000;13;DAY;MAIN;C;04/09/2025;4;12,75;Ship;51; 14 ;
SM51445634;851952;10000;17;DAY;MAIN;C;04/09/2025;4;14,5;Ship;58; 14 ;
SM51445635;851952;10000;26,5;DAY;MAIN;C;04/09/2025;4;14,5;Ship;58; 14 ;
SM51445636;851952;10000;26,5;DAY;MAIN;C;04/09/2025;4;10;Stock;40; 14 ;
SM51445637;88020;10000;79;DAY;MAIN;C;04/09/2025;32;5,5;Ship;176; 14 ;
SM51445638;88020;10000;79;DAY;MAIN;C;04/09/2025;4;26,5;Stock;106; 14 ;
SM51445639;88020;10000;79;DAY;MAIN;C;04/09/2025;4;5;Ship;20; 14 ;
SM51445640;88020;10000;21;DAY;MAIN;C;04/09/2025;16;5;Ship;80; 14 ;
SM51445641;62018;15000;12,6875;DAY;MAIN;C;04/09/2025;4;11;Ship;44; 14 ;
SM51445642;62018;15000;79;DAY;MAIN;C;04/09/2025;24;13;Ship;312; 14 ;
SM51445643;88020;10000;15;DAY;MAIN;C;04/09/2025;8;7,375;Ship;59; 14 ;
SM51445644;88020;10000;26,5;DAY;MAIN;C;04/09/2025;12;7,375;Ship;88,5; 14 ;
SM51445645;88020;10000;17;DAY;MAIN;C;04/09/2025;8;7,375;Ship;59; 14 ;
SM51445646;851952;10000;17;DAY;MAIN;C;04/09/2025;4;17;Ship;68; 14 ;
SM51445647;851952;10000;13;DAY;MAIN;C;04/09/2025;4;13;Ship;52; 14 ;
SM51445648;551952;10000;17;DAY;MAIN;C;04/09/2025;8;7,5;Ship;60; 14 ;
SM51445649;551952;10000;8,75;DAY;MAIN;C;04/09/2025;4;7,5;Ship;30; 14 ;
SM51445650;551952;10000;79;DAY;MAIN;C;05/09/2025;4;7,5;Ship;30; 15 ;
SM51445651;551952;10000;79;DAY;MAIN;C;05/09/2025;32;8,75;Ship;280; 15 ;
SM51445652;851952;10000;17;DAY;MAIN;C;05/09/2025;4;17;Ship;68; 15 ;
SM51445653;88020;10000;79;DAY;MAIN;C;05/09/2025;4;13;Stock;52; 15 ;
SM51445654;88020;10000;79;DAY;MAIN;C;05/09/2025;20;13;Ship;260; 15 ;
SM51445655;88020;10000;11,25;DAY;MAIN;C;05/09/2025;4;11,25;Ship;45; 15 ;
SM51445656;88020;10000;13;DAY;MAIN;C;05/09/2025;4;11,25;Ship;45; 15 ;
SM51445657;88020;10000;79;DAY;MAIN;C;05/09/2025;28;11,25;Ship;315; 15 ;
SM51445658;88020;10000;79;DAY;MAIN;C;05/09/2025;36;5,75;Ship;207; 15 ;
SM51445659;88020;10000;79;DAY;MAIN;C;05/09/2025;4;26,5;Stock;106; 15 ;
SM51445660;88020;10000;26,5;DAY;MAIN;C;05/09/2025;16;6;Ship;96; 15 ;
SM51445661;88959;10000;13;DAY;MAIN;C;05/09/2025;4;13;Ship;52; 15 ;
SM51445662;88020;10000;79;DAY;MAIN;C;05/09/2025;16;11;Ship;176; 15 ;
SM51445663;88020;10000;79;DAY;MAIN;C;05/09/2025;4;21;Stock;84; 15 ;
SM51445664;88020;10000;79;DAY;MAIN;C;05/09/2025;4;13;Stock;52; 15 ;
SM51445665;88020;10000;79;DAY;MAIN;C;05/09/2025;24;8,625;Ship;207; 15 ;
SM51445666;88020;10000;79;DAY;MAIN;C;05/09/2025;4;26,5;Stock;106; 15 ;
SM51445667;88959;10000;79;DAY;MAIN;C;05/09/2025;16;10;Ship;160; 15 ;
SM51445668;88959;10000;79;DAY;MAIN;C;05/09/2025;12;13;Stock;156; 15 ;
SM51445669;88020;10000;21;DAY;MAIN;C;05/09/2025;12;6,625;Ship;79,5; 15 ;
SM51445670;88020;10000;7,25;DAY;MAIN;C;06/09/2025;4;6,625;Ship;26,5; 16 ;
SM51445671;62018;10000;18,625;DAY;MAIN;C;06/09/2025;8;8,625;Ship;69; 16 ;
SM51445672;88959;10000;79;DAY;MAIN;C;06/09/2025;20;11,5;Ship;230; 16 ;
SM51445673;88959;10000;79;DAY;MAIN;C;06/09/2025;4;19;Stock;76; 16 ;
SM51445674;88020;10000;79;DAY;MAIN;C;06/09/2025;24;13;Ship;312; 16 ;
SM51445675;88020;10000;79;DAY;MAIN;C;06/09/2025;16;15;Ship;240; 16 ;
SM51445676;88020;10000;79;DAY;MAIN;C;06/09/2025;4;17;Stock;68; 16 ;
SM51445677;88020;10000;79;DAY;MAIN;C;06/09/2025;16;14;Ship;224; 16 ;
SM51445678;88020;10000;79;DAY;MAIN;C;06/09/2025;4;21;Stock;84; 16 ;
SM51445679;88020;10000;7;DAY;MAIN;C;06/09/2025;4;6;Ship;24; 16 ;
SM51445680;88020;10000;79;DAY;MAIN;C;06/09/2025;8;10;Ship;80; 16 ;
SM51445681;88020;10000;79;DAY;MAIN;C;06/09/2025;20;9;Ship;180; 16 ;
SM51445682;88020;10000;79;DAY;MAIN;C;06/09/2025;4;13;Stock;52; 16 ;
SM51445683;62018;10000;79;DAY;MAIN;C;06/09/2025;24;13;Ship;312; 16 ;
SM51445684;851952;10000;26,5;DAY;MAIN;C;06/09/2025;8;13;Ship;104; 16 ;
SM51445685;851952;10000;17,5;DAY;MAIN;C;06/09/2025;8;8,625;Ship;69; 16 ;
SM51445686;78139;10000;60;DAY;MAIN;C;06/09/2025;16;4,5;Ship;72; 16 ;
SM51445687;78139;10000;60;DAY;MAIN;C;06/09/2025;8;13;Stock;104; 16 ;
SM51445688;78139;10000;60;DAY;MAIN;C;06/09/2025;12;5;Ship;60; 16 ;
SM51445689;78139;10000;60;DAY;MAIN;C;06/09/2025;16;7,75;Ship;124; 16 ;
SM51445690;78139;10000;60;DAY;MAIN;C;07/09/2025;12;8,75;Ship;105; 17 ;
SM51445691;78139;10000;60;DAY;MAIN;C;07/09/2025;20;5,5;Ship;110; 17 ;
SM51445692;78139;10000;60;DAY;MAIN;C;07/09/2025;4;5;Ship;20; 17 ;
SM51445693;78139;10000;60;DAY;MAIN;C;07/09/2025;16;6,5;Ship;104; 17 ;
SM51445694;78139;10000;10;DAY;MAIN;C;07/09/2025;8;4,5;Ship;36; 17 ;
SM51445695;78139;10000;60;DAY;MAIN;C;07/09/2025;20;9;Ship;180; 17 ;
SM51445696;78139;10000;60;DAY;MAIN;C;07/09/2025;4;5,5;Ship;22; 17 ;
SM51445697;78139;10000;60;DAY;MAIN;C;07/09/2025;4;8,75;Ship;35; 17 ;
SM51445698;62018;15000;13;DAY;MAIN;C;07/09/2025;4;12,75;Ship;51; 17 ;
SM51445699;88020;10000;10;DAY;MAIN;C;07/09/2025;8;4,5;Ship;36; 17 ;
SM51445700;88020;10000;7;DAY;MAIN;C;07/09/2025;4;5;Ship;20; 17 ;
SM51445701;88020;10000;15;DAY;MAIN;C;07/09/2025;8;6,75;Ship;54; 17 ;
SM51445702;551952;10000;79;DAY;MAIN;C;07/09/2025;28;8,75;Ship;245; 17 ;
SM51445703;551952;10000;79;DAY;MAIN;C;07/09/2025;4;17;Stock;68; 17 ;
SM51445704;62018;10000;7,875;DAY;MAIN;C;07/09/2025;4;7,875;Ship;31,5; 17 ;
SM51445705;851952;15000;13;DAY;BPPO;C;07/09/2025;4;13;Ship;52; 17 ;
SM51445706;851952;15000;16,25;DAY;BPPO;C;07/09/2025;4;16,25;Ship;65; 17 ;
SM51445707;62018;15000;13;DAY;BPPO;C;07/09/2025;4;13;Ship;52; 17 ;
SM51445708;62018;10000;16;DAY;BPPO;C;07/09/2025;4;16;Ship;64; 17 ;
SM51445709;851952;15000;14;DAY;BPPO;C;07/09/2025;4;14;Ship;56; 17 ;
SM51445710;851952;15000;16;DAY;BPPO;C;08/09/2025;4;16;Ship;64; 18 ;
SM51445711;62018;10000;13;DAY;MAIN;C;08/09/2025;4;13;Ship;52; 18 ;
SM51445712;62018;10000;79;DAY;MAIN;C;08/09/2025;24;13;Ship;312; 18 ;
SM51445713;851952;10000;79;DAY;MAIN;C;08/09/2025;12;13;Ship;156; 18 ;
SM51445714;851952;10000;79;DAY;MAIN;C;08/09/2025;16;10;Ship;160; 18 ;
SM51445715;851952;10000;79;DAY;MAIN;C;08/09/2025;24;13;Ship;312; 18 ;
SM51445716;851952;10000;13;DAY;MAIN;C;08/09/2025;4;13;Ship;52; 18 ;
SM51445717;62018;15000;79;DAY;MAIN;C;08/09/2025;4;26,5;Stock;106; 18 ;
SM51445718;62018;15000;79;DAY;MAIN;C;08/09/2025;4;13;Stock;52; 18 ;
SM51445719;62018;15000;79;DAY;MAIN;C;08/09/2025;8;19;Ship;152; 18 ;
SM51445720;62018;15000;79;DAY;MAIN;C;08/09/2025;16;19;Ship;304; 18 ;
SM51445721;851952;10000;79;DAY;MAIN;C;08/09/2025;4;17,5;Stock;70; 18 ;
SM51445722;851952;10000;79;DAY;MAIN;C;08/09/2025;24;10;Ship;240; 18 ;
SM51445723;88020;10000;79;DAY;MAIN;C;08/09/2025;24;13;Ship;312; 18 ;
SM51445724;88020;10000;79;DAY;MAIN;C;08/09/2025;4;17;Stock;68; 18 ;
SM51445725;88020;10000;79;DAY;MAIN;C;08/09/2025;32;6;Ship;192; 18 ;
SM51445726;88020;10000;79;DAY;MAIN;C;08/09/2025;4;13;Stock;52; 18 ;
SM51445727;78139;10000;13;DAY;MAIN;C;08/09/2025;4;13;Ship;52; 18 ;
SM51445728;88959;10000;13;DAY;MAIN;C;08/09/2025;4;13;Ship;52; 18 ;
SM51445729;88959;10000;13;DAY;MAIN;C;08/09/2025;4;8,75;Ship;35; 18 ;
SM51445730;88959;10000;79;DAY;MAIN;C;09/09/2025;36;8,75;Ship;315; 19 ;
SM51445731;88512;10000;52,5;DAY;MAIN;C;09/09/2025;4;52,5;Ship;210; 19 ;
SM51445732;88020;10000;79;DAY;MAIN;C;09/09/2025;4;21;Stock;84; 19 ;
SM51445733;88020;10000;79;DAY;MAIN;C;09/09/2025;4;7,375;Ship;29,5; 19 ;
SM51445734;88020;10000;79;DAY;MAIN;C;09/09/2025;4;9,5;Ship;38; 19 ;
SM51445735;88020;10000;79;DAY;MAIN;C;09/09/2025;16;10;Ship;160; 19 ;
SM51445736;88020;10000;79;DAY;MAIN;C;09/09/2025;32;9,5;Ship;304; 19 ;
SM51445737;88020;10000;79;DAY;MAIN;C;09/09/2025;32;7,375;Ship;236; 19 ;
SM51445738;88020;10000;79;DAY;MAIN;C;09/09/2025;8;10;Ship;80; 19 ;
SM51445739;851952;10000;13;DAY;MAIN;C;09/09/2025;4;13;Ship;52; 19 ;
SM51445740;851952;10000;79;DAY;MAIN;C;09/09/2025;24;13;Ship;312; 19 ;
SM51445741;62018;10000;79;DAY;MAIN;C;09/09/2025;16;10,75;Ship;172; 19 ;
SM51445742;62018;10000;79;DAY;MAIN;C;09/09/2025;4;21;Stock;84; 19 ;
SM51445743;62018;10000;79;DAY;MAIN;C;09/09/2025;4;13;Stock;52; 19 ;
SM51445744;62018;10000;79;DAY;MAIN;C;09/09/2025;24;10,75;Ship;258; 19 ;
SM51445745;62018;10000;79;DAY;MAIN;C;09/09/2025;4;13;Stock;52; 19 ;
SM51445746;62018;10000;13;DAY;MAIN;C;09/09/2025;4;12,75;Ship;51; 19 ;
SM51445747;62018;10000;79;DAY;MAIN;C;09/09/2025;24;12,75;Ship;306; 19 ;
SM51445748;88020;10000;79;DAY;MAIN;C;09/09/2025;28;9;Ship;252; 19 ;
SM51445749;88020;10000;79;DAY;MAIN;C;09/09/2025;4;13;Stock;52; 19 ;
SM51445750;88020;10000;10;DAY;MAIN;C;10/09/2025;4;9;Ship;36; 20 ;
SM51445751;851952;10000;26,5;DAY;MAIN;C;10/09/2025;8;13;Ship;104; 20 ;
SM51445752;851952;10000;79;DAY;MAIN;C;10/09/2025;24;13;Ship;312; 20 ;
SM51445753;88959;10000;79;DAY;MAIN;C;10/09/2025;20;11,5;Ship;230; 20 ;
SM51445754;88959;10000;79;DAY;MAIN;C;10/09/2025;4;19;Stock;76; 20 ;
SM51445755;88959;10000;13;DAY;MAIN;C;10/09/2025;4;11,5;Ship;46; 20 ;
SM51445757;78139;10000;13;DAY;MAIN;C;10/09/2025;4;13;Ship;52; 20 ;
SM51445758;851952;10000;79;DAY;MAIN;C;10/09/2025;24;13;Ship;312; 20 ;
SM51445759;851952;10000;13;DAY;MAIN;C;10/09/2025;4;13;Ship;52; 20 ;
SM51445760;88020;10000;10;DAY;MAIN;C;10/09/2025;8;5;Ship;40; 20 ;
SM51445761;62018;15000;79;DAY;MAIN;C;10/09/2025;8;8,75;Ship;70; 20 ;
SM51445762;62018;15000;79;DAY;MAIN;C;10/09/2025;4;35,5;Stock;142; 20 ;
SM51445763;62018;15000;79;DAY;MAIN;C;10/09/2025;8;12,75;Ship;102; 20 ;
SM51445764;62018;15000;79;DAY;MAIN;C;10/09/2025;24;12,75;Ship;306; 20 ;
SM51445765;88959;10000;79;DAY;MAIN;C;10/09/2025;24;8,625;Ship;207; 20 ;
SM51445766;88959;10000;79;DAY;MAIN;C;10/09/2025;8;13;Stock;104; 20 ;
SM51445767;88020;10000;79;DAY;MAIN;C;10/09/2025;28;9;Ship;252; 20 ;
SM51445768;88020;10000;79;DAY;MAIN;C;10/09/2025;4;13,25;Ship;53; 20 ;
SM51445769;88020;10000;79;DAY;MAIN;C;10/09/2025;20;6;Ship;120; 20 ;
SM51445770;88020;10000;79;DAY;MAIN;C;11/09/2025;20;7;Ship;140; 21 ;
SM51445771;88020;10000;79;DAY;MAIN;C;11/09/2025;4;13,25;Ship;53; 21 ;
SM51445772;88020;10000;79;DAY;MAIN;C;11/09/2025;20;10;Ship;200; 21 ;
SM51445773;88020;10000;79;DAY;MAIN;C;11/09/2025;8;13,25;Ship;106; 21 ;
SM51445774;88020;10000;79;DAY;MAIN;C;11/09/2025;4;13,25;Ship;53; 21 ;
SM51445775;88020;10000;79;DAY;MAIN;C;11/09/2025;24;9;Ship;216; 21 ;
SM51445776;88020;10000;79;DAY;MAIN;C;11/09/2025;4;10;Ship;40; 21 ;
SM51445777;88020;10000;17;DAY;MAIN;C;11/09/2025;8;8;Ship;64; 21 ;
SM51445778;88020;10000;79;DAY;MAIN;C;11/09/2025;16;5;Ship;80; 21 ;
SM51445779;88020;10000;79;DAY;MAIN;C;11/09/2025;12;8;Ship;96; 21 ;
SM51445780;88020;10000;79;DAY;MAIN;C;11/09/2025;4;21;Stock;84; 21 ;
SM51445781;88020;10000;79;DAY;MAIN;C;11/09/2025;12;4,5;Ship;54; 21 ;
SM51445782;62018;15000;10;DAY;MAIN;C;11/09/2025;4;8,25;Ship;33; 21 ;
SM51445783;551952;10000;79;DAY;MAIN;C;11/09/2025;4;8,75;Ship;35; 21 ;
SM51445784;551952;10000;79;DAY;MAIN;C;11/09/2025;8;8,5;Ship;68; 21 ;
SM51445785;551952;10000;79;DAY;MAIN;C;11/09/2025;4;10;Ship;40; 21 ;
SM51445786;551952;10000;79;DAY;MAIN;C;11/09/2025;16;10,125;Ship;162; 21 ;
SM51445787;88020;10000;21;DAY;MAIN;C;11/09/2025;16;5;Ship;80; 21 ;
SM51445788;88020;10000;79;DAY;MAIN;C;11/09/2025;12;4,5;Ship;54; 21 ;
SM51445789;88020;10000;79;DAY;MAIN;C;11/09/2025;12;8;Ship;96; 21 ;
SM51445790;88020;10000;79;DAY;MAIN;C;12/09/2025;4;13;Stock;52; 22 ;
SM51445791;88020;10000;79;DAY;MAIN;C;12/09/2025;4;26,5;Stock;106; 22 ;
SM51445792;88020;10000;79;DAY;MAIN;C;12/09/2025;8;21;Stock;168; 22 ;
SM51445793;88020;10000;79;DAY;MAIN;C;12/09/2025;20;7,25;Ship;145; 22 ;
SM51445794;88020;10000;13;DAY;MAIN;C;12/09/2025;4;6;Ship;24; 22 ;
SM51445795;88020;10000;13;DAY;MAIN;C;12/09/2025;4;6,5;Ship;26; 22 ;
SM51445796;88959;10000;79;DAY;MAIN;C;12/09/2025;12;13;Stock;156; 22 ;
SM51445797;88959;10000;79;DAY;MAIN;C;12/09/2025;16;10;Ship;160; 22 ;
SM51445798;62018;15000;79;DAY;MAIN;C;12/09/2025;16;19;Ship;304; 22 ;
SM51445799;62018;15000;79;DAY;MAIN;C;12/09/2025;16;19;Ship;304; 22 ;
SM51445800;62018;15000;79;DAY;MAIN;C;12/09/2025;8;19;Ship;152; 22 ;
SM51445801;62018;15000;79;DAY;MAIN;C;12/09/2025;4;13;Stock;52; 22 ;
SM51445802;62018;15000;79;DAY;MAIN;C;12/09/2025;4;26,5;Stock;106; 22 ;
SM51445803;88959;10000;79;DAY;MAIN;C;12/09/2025;36;8,75;Ship;315; 22 ;
SM51445804;88959;10000;19;DAY;MAIN;C;12/09/2025;8;8,75;Ship;70; 22 ;
SM51445805;88020;10000;21;DAY;MAIN;C;12/09/2025;4;8,875;Ship;35,5; 22 ;
SM51445806;88020;10000;21;DAY;MAIN;C;12/09/2025;4;11,25;Ship;45; 22 ;
SM51445807;88020;10000;79;DAY;MAIN;C;12/09/2025;16;13;Ship;208; 22 ;
SM51445808;88020;10000;79;DAY;MAIN;C;12/09/2025;4;26,5;Stock;106; 22 ;
SM51445809;62018;10000;79;DAY;MAIN;C;12/09/2025;4;13;Stock;52; 22 ;
SM51445810;62018;10000;79;DAY;MAIN;C;13/09/2025;20;13;Ship;260; 23 ;
SM51445811;88020;10000;79;DAY;MAIN;C;13/09/2025;24;13;Ship;312; 23 ;
SM51445812;88020;10000;79;DAY;MAIN;C;13/09/2025;4;13;Stock;52; 23 ;
SM51445813;88020;10000;79;DAY;MAIN;C;13/09/2025;8;10;Ship;80; 23 ;
SM51445814;88020;10000;79;DAY;MAIN;C;13/09/2025;4;17;Stock;68; 23 ;
SM51445815;88020;10000;79;DAY;MAIN;C;13/09/2025;8;13;Ship;104; 23 ;
SM51445816;851952;10000;79;DAY;MAIN;C;13/09/2025;24;13;Ship;312; 23 ;
SM51445817;851952;10000;26,5;DAY;MAIN;C;13/09/2025;8;13;Ship;104; 23 ;
SM51445818;851952;10000;79;DAY;MAIN;C;13/09/2025;24;10;Ship;240; 23 ;
SM51445819;851952;10000;79;DAY;MAIN;C;13/09/2025;4;17,5;Stock;70; 23 ;
SM51445820;88020;10000;79;DAY;MAIN;C;13/09/2025;20;11,5;Ship;230; 23 ;
SM51445821;88020;10000;79;DAY;MAIN;C;13/09/2025;4;21;Stock;84; 23 ;
SM51445822;88020;10000;13;DAY;MAIN;C;13/09/2025;4;11,25;Ship;45; 23 ;
SM51445823;88020;10000;79;DAY;MAIN;C;13/09/2025;28;9;Ship;252; 23 ;
SM51445824;88020;10000;79;DAY;MAIN;C;13/09/2025;4;13;Stock;52; 23 ;
SM51445825;88020;10000;10;DAY;MAIN;C;13/09/2025;4;9;Ship;36; 23 ;
SM51445826;88020;10000;79;DAY;MAIN;C;13/09/2025;24;11;Ship;264; 23 ;
SM51445827;88020;10000;79;DAY;MAIN;C;13/09/2025;4;13;Stock;52; 23 ;
SM51445828;88020;10000;79;DAY;MAIN;C;13/09/2025;24;10;Ship;240; 23 ;
SM51445829;88020;10000;79;DAY;MAIN;C;13/09/2025;4;17;Stock;68; 23 ;
SM51445830;88020;10000;13,5;DAY;MAIN;C;14/09/2025;4;13,25;Ship;53; 24 ;
SM51445831;851952;10000;26,5;DAY;MAIN;C;14/09/2025;8;13;Ship;104; 24 ;
SM51445832;851952;10000;79;DAY;MAIN;C;14/09/2025;24;13;Ship;312; 24 ;
SM51445833;88020;10000;79;DAY;MAIN;C;14/09/2025;20;14;Ship;280; 24 ;
SM51445834;88020;10000;79;DAY;MAIN;C;14/09/2025;4;17;Stock;68; 24 ;
SM51445835;88020;10000;79;DAY;MAIN;C;14/09/2025;16;15;Ship;240; 24 ;
SM51445836;88020;10000;79;DAY;MAIN;C;14/09/2025;4;9;Ship;36; 24 ;
SM51445837;991843;10000;60;DAY;MAIN;C;14/09/2025;28;7,75;Ship;217; 24 ;
SM51445838;851952;10000;13,5;DAY;MAIN;C;14/09/2025;4;6,5;Stock;26; 24 ;
SM51445839;851952;10000;79;DAY;MAIN;C;14/09/2025;4;16;Stock;64; 24 ;
SM51445840;851952;10000;79;DAY;MAIN;C;14/09/2025;24;6,75;Ship;162; 24 ;
SM51445841;851952;10000;79;DAY;MAIN;C;14/09/2025;4;21;Stock;84; 24 ;
SM51445842;851952;10000;13,5;DAY;MAIN;C;14/09/2025;8;6,75;Ship;54; 24 ;
SM51445843;851952;10000;13,5;DAY;MAIN;C;14/09/2025;4;6,75;Ship;27; 24 ;
SM51445844;88020;10000;79;DAY;MAIN;C;14/09/2025;20;13;Ship;260; 24 ;
SM51445845;88020;10000;79;DAY;MAIN;C;14/09/2025;4;13;Stock;52; 24 ;
SM51445846;88020;10000;79;DAY;MAIN;C;14/09/2025;4;26,5;Stock;106; 24 ;
SM51445847;88020;10000;79;DAY;MAIN;C;14/09/2025;20;10;Ship;200; 24 ;
SM51445848;88020;10000;79;DAY;MAIN;C;14/09/2025;24;10;Ship;240; 24 ;
SM51445849;88020;10000;79;DAY;MAIN;C;14/09/2025;4;17;Stock;68; 24 ;
SM51445850;88020;10000;79;DAY;MAIN;C;15/09/2025;24;10;Ship;240; 25 ;
SM51445851;88020;10000;79;DAY;MAIN;C;15/09/2025;4;17;Stock;68; 25 ;
SM51445852;88020;10000;10;DAY;MAIN;C;15/09/2025;4;10;Ship;40; 25 ;
SM51445853;551952;15000;13;DAY;MAIN;C;15/09/2025;4;13;Ship;52; 25 ;
SM51445854;551952;10000;79;DAY;MAIN;C;15/09/2025;12;7;Ship;84; 25 ;
SM51445855;551952;10000;79;DAY;MAIN;C;15/09/2025;8;17;Stock;136; 25 ;
SM51445856;551952;10000;79;DAY;MAIN;C;15/09/2025;16;4,5;Ship;72; 25 ;
SM51445857;551952;10000;79;DAY;MAIN;C;15/09/2025;12;8,75;Ship;105; 25 ;
SM51445858;551952;10000;79;DAY;MAIN;C;15/09/2025;8;8,75;Ship;70; 25 ;
SM51445859;551952;10000;79;DAY;MAIN;C;15/09/2025;12;13;Stock;156; 25 ;
SM51445860;551952;10000;79;DAY;MAIN;C;15/09/2025;24;12,75;Ship;306; 25 ;
SM51445861;62018;10000;79;DAY;MAIN;C;15/09/2025;4;13;Stock;52; 25 ;
SM51445862;62018;10000;79;DAY;MAIN;C;15/09/2025;28;9,25;Ship;259; 25 ;
SM51445863;851952;10000;13;DAY;MAIN;C;15/09/2025;4;13;Ship;52; 25 ;
SM51445864;88020;10000;79;DAY;MAIN;C;15/09/2025;24;12,75;Ship;306; 25 ;
SM51445865;88020;10000;26,5;DAY;MAIN;C;15/09/2025;8;12,75;Ship;102; 25 ;
SM51445866;88020;10000;10;DAY;MAIN;C;15/09/2025;4;10;Ship;40; 25 ;
SM51445867;88020;10000;79;DAY;MAIN;C;15/09/2025;32;6;Ship;192; 25 ;
SM51445868;88020;10000;79;DAY;MAIN;C;15/09/2025;4;17;Stock;68; 25 ;
SM51445869;88020;10000;79;DAY;MAIN;C;15/09/2025;4;13;Stock;52; 25 ;
SM51445870;88512;10000;26;DAY;MAIN;C;16/09/2025;16;6;Ship;96; 26 ;
SM51445871;88020;10000;21;DAY;MAIN;C;16/09/2025;8;8,875;Ship;71; 26 ;
SM51445872;88020;10000;10;DAY;MAIN;C;16/09/2025;4;8,875;Ship;35,5; 26 ;
SM51445873;88020;10000;7,25;DAY;MAIN;C;16/09/2025;4;5,625;Ship;22,5; 26 ;
SM51445874;88020;10000;79;DAY;MAIN;C;16/09/2025;24;6,875;Ship;165; 26 ;
SM51445875;88020;10000;79;DAY;MAIN;C;16/09/2025;12;5,625;Ship;67,5; 26 ;
SM51445876;88020;10000;79;DAY;MAIN;C;16/09/2025;4;17;Stock;68; 26 ;
SM51445877;851952;15000;79;DAY;MAIN;C;16/09/2025;16;17;Ship;272; 26 ;
SM51445878;851952;15000;79;DAY;MAIN;C;16/09/2025;4;10;Stock;40; 26 ;
SM51445879;88020;10000;26,5;DAY;MAIN;C;16/09/2025;8;12,75;Ship;102; 26 ;
SM51445880;62018;10000;15,75;DAY;MAIN;C;16/09/2025;4;13;Ship;52; 26 ;
SM51445881;62018;10000;79;DAY;MAIN;C;16/09/2025;24;13;Ship;312; 26 ;
SM51445882;62018;10000;16;DAY;MAIN;C;16/09/2025;4;13;Ship;52; 26 ;
SM51445883;88020;10000;17;DAY;MAIN;C;16/09/2025;12;4,75;Ship;57; 26 ;
SM51445884;88020;10000;11,25;DAY;MAIN;C;16/09/2025;8;4,5;Ship;36; 26 ;
SM51445885;88020;10000;6;DAY;MAIN;C;16/09/2025;4;4,5;Ship;18; 26 ;
SM51445886;88020;10000;17;DAY;MAIN;C;16/09/2025;8;6,75;Ship;54; 26 ;
SM51445887;88020;10000;79;DAY;MAIN;C;16/09/2025;40;6,75;Ship;270; 26 ;
SM51445888;88020;10000;79;DAY;MAIN;C;16/09/2025;4;10;Stock;40; 26 ;
SM51445889;88020;10000;21;DAY;MAIN;C;16/09/2025;12;6,75;Ship;81; 26 ;
SM51445890;88020;10000;17;DAY;MAIN;C;17/09/2025;8;7;Ship;56; 27 ;
SM51445891;88020;10000;17;DAY;MAIN;C;17/09/2025;8;7,25;Ship;58; 27 ;
SM51445892;62018;15000;10;DAY;MAIN;C;17/09/2025;4;8,5;Ship;34; 27 ;
SM51445893;88020;10000;13;DAY;MAIN;C;17/09/2025;4;11;Ship;44; 27 ;
SM51445894;851952;10000;79;DAY;MAIN;C;17/09/2025;4;13;Stock;52; 27 ;
SM51445895;851952;10000;79;DAY;MAIN;C;17/09/2025;16;16,5;Ship;264; 27 ;
SM51445896;88020;10000;26,5;DAY;MAIN;C;17/09/2025;16;6;Ship;96; 27 ;
SM51445897;88020;10000;79;DAY;MAIN;C;17/09/2025;4;60;Ship;240; 27 ;
SM51445898;88020;10000;79;DAY;MAIN;C;17/09/2025;4;17;Stock;68; 27 ;
SM51445899;62018;15000;79;DAY;MAIN;C;17/09/2025;16;19;Ship;304; 27 ;
SM51445900;62018;15000;19;DAY;MAIN;C;17/09/2025;4;19;Ship;76; 27 ;
SM51445901;62018;15000;79;DAY;MAIN;C;17/09/2025;24;12,75;Ship;306; 27 ;
SM51445902;88512;10000;11,25;DAY;MAIN;C;17/09/2025;8;5;Ship;40; 27 ;
SM51445903;88512;10000;17;DAY;MAIN;C;17/09/2025;12;5;Ship;60; 27 ;
SM51445904;88512;10000;26;DAY;MAIN;C;17/09/2025;16;6;Ship;96; 27 ;
SM51445905;88020;10000;79;DAY;MAIN;C;17/09/2025;4;11,875;Ship;47,5; 27 ;
SM51445906;88020;10000;79;DAY;MAIN;C;17/09/2025;4;12,375;Ship;49,5; 27 ;
SM51445907;88020;10000;79;DAY;MAIN;C;17/09/2025;8;11,25;Ship;90; 27 ;
SM51445908;88020;10000;79;DAY;MAIN;C;17/09/2025;4;30;Stock;120; 27 ;
SM51445909;88020;10000;79;DAY;MAIN;C;17/09/2025;16;13;Ship;208; 27 ;
SM51445910;88020;10000;79;DAY;MAIN;C;18/09/2025;8;7,875;Ship;63; 28 ;
SM51445911;88020;10000;79;DAY;MAIN;C;18/09/2025;4;11,25;Ship;45; 28 ;
SM51445912;62018;10000;79;DAY;MAIN;C;18/09/2025;4;13;Stock;52; 28 ;
SM51445913;551952;10000;17;DAY;MAIN;C;18/09/2025;4;6,75;Ship;27; 28 ;
SM51445914;551952;10000;17;DAY;MAIN;C;18/09/2025;4;8,5;Ship;34; 28 ;
SM51445915;62018;10000;79;DAY;MAIN;C;18/09/2025;20;8,75;Ship;175; 28 ;
SM51445916;62018;10000;79;DAY;MAIN;C;18/09/2025;4;21;Stock;84; 28 ;
SM51445917;78139;10000;60;DAY;MAIN;C;18/09/2025;32;6,5;Ship;208; 28 ;
SM51445918;78139;10000;60;DAY;MAIN;C;18/09/2025;8;4;Ship;32; 28 ;
SM51445919;78139;10000;60;DAY;MAIN;C;18/09/2025;8;4;Ship;32; 28 ;
SM51445920;78139;10000;60;DAY;MAIN;C;18/09/2025;16;9;Ship;144; 28 ;
SM51445921;78139;10000;60;DAY;MAIN;C;18/09/2025;4;13;Stock;52; 28 ;
SM51445922;62018;15000;79;DAY;MAIN;C;18/09/2025;24;13;Ship;312; 28 ;
SM51445923;62018;15000;13;DAY;MAIN;C;18/09/2025;4;13;Ship;52; 28 ;
SM51445924;851952;10000;79;DAY;MAIN;C;18/09/2025;24;13;Ship;312; 28 ;
SM51445925;62018;10000;79;DAY;MAIN;C;18/09/2025;32;9,75;Ship;312; 28 ;
SM51445926;62018;10000;10;DAY;MAIN;C;18/09/2025;4;10;Ship;40; 28 ;
SM51445927;62018;10000;6,75;DAY;MAIN;C;18/09/2025;4;6,5;Ship;26; 28 ;
SM51445928;62018;10000;13;DAY;MAIN;C;18/09/2025;4;13;Ship;52; 28 ;
SM51445929;62018;10000;79;DAY;MAIN;C;18/09/2025;24;13;Ship;312; 28 ;
SM51445930;88020;10000;79;DAY;MAIN;C;19/09/2025;24;13;Ship;312; 29 ;
SM51445931;88020;10000;79;DAY;MAIN;C;19/09/2025;4;8;Ship;32; 29 ;
SM51445932;88020;10000;79;DAY;MAIN;C;19/09/2025;8;9;Ship;72; 29 ;
SM51445933;88020;10000;79;DAY;MAIN;C;19/09/2025;12;6,75;Ship;81; 29 ;
SM51445934;88020;10000;79;DAY;MAIN;C;19/09/2025;8;8,5;Ship;68; 29 ;
SM51445935;88020;10000;79;DAY;MAIN;C;19/09/2025;4;13;Ship;52; 29 ;
SM51445936;88020;10000;13;DAY;MAIN;C;19/09/2025;4;13;Ship;52; 29 ;
SM51445937;62018;15000;79;DAY;MAIN;C;19/09/2025;24;13;Ship;312; 29 ;
SM51445938;62018;15000;79;DAY;MAIN;C;19/09/2025;16;13;Ship;208; 29 ;
SM51445939;62018;15000;79;DAY;MAIN;C;19/09/2025;4;26,5;Stock;106; 29 ;
SM51445940;88020;10000;17;DAY;MAIN;C;19/09/2025;4;8,25;Ship;33; 29 ;
SM51445941;88020;10000;17;DAY;MAIN;C;19/09/2025;4;7,25;Ship;29; 29 ;
SM51445942;88020;10000;13;DAY;MAIN;C;19/09/2025;4;13;Ship;52; 29 ;
SM51445943;88020;10000;79;DAY;MAIN;C;19/09/2025;24;13;Ship;312; 29 ;
SM51445944;88959;10000;79;DAY;MAIN;C;19/09/2025;12;17;Ship;204; 29 ;
SM51445945;88959;10000;79;DAY;MAIN;C;19/09/2025;8;13;Stock;104; 29 ;
